cap,6
patatine,5
rucola,2
Prosciutto,2
Shingeky,2
Kyojin,2
Hunter,2
Tokyo,2
Ghoul,2
Fairy,2
Tail,2
Kamisama,2
No,2
Iutoori,2
Naruto,2
speck,1
salsiccia,1
Crudo,1
porcini,1
porchetta,1
capricciosa,1
patatosa,1
diavola,1
Margherita,1
download,1
https://www.cinemalibero.club/rick-and-morty-4/,1
https://serietvonline.club,1
http://tntvillage.scambioetico.org/?releaselist,1
Piece,1
http://tuttoanimemanga.net/slide/series/one_piece/,1
Gamer,1
http://reader.powermanga.org/series/the_gamer/,1
OnePunch,1
Man,1
tower,1
God,1
s3,1
episode,1
https://www.webtoons.com/en/fantasy/tower-of-god/list?title_no=95,1
neverland,1
http://tuttoanimemanga.net/slide/series/the_promised_neverland/,1
Le,1
https://www.webtoons.com/en/comedy/adventures-of-god/list?title_no=853,1
Elf,1
Warrior,1
Boku,1
hero,1
academia,1
http://readonline.nifteam.info/slide/series/boku_no_hero_academia/,1
l'attacco,1
Giganti,1
mensile,1
fall,1
https://www.mangaeden.com/it/it-manga/hunter-x-hunter/383/1/,1
berserk,1
https://www.mangaeden.com/it/it-manga/berserk/356.1/1/,1
Boruto,1
https://www.mangaeden.com/it/it-manga/boruto-naruto-next-generations/7/1/,1
Cavalier,1
abyss,1
Terra,1
ForMars,1
mangafox,1
http://www.mangaeden.com/it/it-manga/terra-formars-mission/173/1/,1
zetman,1
http://www.mangaeden.com/it/it-manga/zetman/208/1/,1
yamada-kun,1
Majo,1
http://www.mangaeden.com/it/en-manga/yamada-kun-to-7-nin-no-majo/211/1/,1
tale,1
Oscar,1
Zahn,1
https://www.webtoons.com/en/fantasy/the-strange-tales-of-oscar-zahn/list?title_no=685,1
kinnikuman,1
http://www.mangaeden.com/it/en-manga/kinnikuman/28/1/,1
yu-gi-oh,1
http://www.mangaeden.com/it-manga/yu-gi-oh/165/1/,1
Completati,1
Assassination,1
Classroom,1
Bleach,1
Cage,1
Eden,1
Claymore,1
Death,1
Doubt,1
Zero,1
Fullmetal,1
Alchemist,1
Gamaran,1
Gantz,1
Immortal,1
Regis,1
Ni,1
Liar,1
Game,1
Gaiden,1
Psyren,1
birth,1
Levi,1
Soul,1
Eater,1
Deadman,1
