use,9
make,7
deposit,7
enter,6
insert,5
indicate,5
add,4
provide,4
need,4
accept,4
withdraw,3
include,3
prepare,3
sign,3
want,2
transfer,2
require,2
get,2
automate,2
know,2
verify,2
endorse,2
write,2
check,1
prompt,1
take,1
access,1
place,1
fill,1
label,1
give,1
own,1
match,1
issue,1
see,1
limit,1
ask,1
complete,1
count,1
enable,1
perform,1
connect,1
operate,1
denominate,1
convert,1
identify,1
store,1
accord,1
install,1
decline,1
dispense,1
permit,1
affiliate,1
locate,1
lose,1
cash,1
seek,1
annoy,1
lift,1
reveal,1
spit,1
organize,1
slip,1
request,1
seal,1
flash,1
receive,1
correct,1
confirm,1
keep,1
wait,1
consider,1
