deposit,32
ATM,31
envelope,12
cash,12
machine,10
bank,9
check,8
time,8
slip,7
account,6
card,5
amount,5
slot,5
institution,5
fund,5
name,5
number,4
customer,4
line,4
pin,3
day,3
information,3
term,3
teller,3
business,3
money,2
transaction,2
order,2
withdrawal,2
credit,2
payment,2
screen,2
variety,2
Canada,2
ABM,2
convenience,2
button,2
signature,2
address,2
date,2
Wednesday,2
debit,1
banking,1
balance,1
option,1
area,1
phone,1
process,1
branch,1
transfer,1
country,1
currency,1
rate,1
identification,1
chip,1
use,1
location,1
security,1
type,1
safety,1
Press,1
everything,1
paper,1
receipt,1
telecommunications,1
device,1
inquiry,1
need,1
interaction,1
staff,1
United,1
States,1
organization,1
English,1
cashpoint,1
hole,1
wall,1
cashline,1
nibank,1
tyme,1
dispenser,1
corner,1
bankomat,1
bancomat,1
sign,1
organisation,1
network,1
checking,1
exchange,1
authentication,1
database,1
Industry,1
Association,1
ATMIA,1
increase,1
system,1
store,1
restaurant,1
function,1
article,1
policy,1
part,1
tab,1
luck,1
back,1
checkbook,1
list,1
front,1
window,1
door,1
Seal,1
outside,1
light,1
scrap,1
reminder,1
care,1
discrepancy,1
thing,1
record,1
wait,1
availability,1
Monday,1
Sunday,1
noon,1
