panel,155
story,120
page,119
character,112
book,91
comic,90
artist,72
script,53
publisher,46
text,46
dialogue,46
art,44
action,44
image,42
writer,42
scene,41
time,40
reader,35
plot,35
way,34
word,32
format,31
work,30
balloon,26
thing,24
caption,23
example,22
style,21
effect,20
part,19
border,19
layout,19
moment,19
editor,17
issue,17
color,16
type,16
sequence,16
description,16
information,16
point,16
shape,15
lot,15
speech,15
novel,14
space,14
structure,14
pacing,14
something,14
idea,14
Lettering,13
method,13
size,13
Comics,13
people,13
change,13
Act,13
setting,12
publishing,12
shot,12
thought,12
form,12
submission,11
element,11
order,11
detail,11
bubble,11
project,11
line,11
day,11
fun,11
transition,10
gutter,10
design,10
room,10
hand,10
picture,10
Chapter,9
Manga,9
role,9
pace,9
letter,9
ink,9
step,9
creator,9
technique,9
outline,9
process,9
audience,9
sign,9
world,9
mind,9
life,9
genre,8
direction,8
McCloud,8
meaning,8
end,8
guideline,8
everything,8
strip,8
Batman,8
box,8
amount,8
place,8
side,8
frame,8
event,7
proposal,7
tool,7
font,7
collaboration,7
splash,7
medium,7
storytelling,7
series,7
piece,7
mood,7
author,7
movie,7
figure,7
illustration,7
paper,7
Scott,7
%,7
count,6
subject,6
arc,6
pause,6
resolution,6
payment,6
print,6
attention,6
relationship,6
tail,6
someone,6
Start,6
narration,6
drawing,6
goal,6
illustrator,6
sample,6
one,6
problem,6
fact,5
copy,5
composition,5
beginning,5
number,5
royalty,5
need,5
route,5
press,5
pencil,5
trade,5
demand,5
term,5
s,5
film,5
narrative,5
definition,5
stage,5
anything,5
sense,5
background,5
person,5
monologue,5
sound,5
tone,5
friend,5
mock-up,5
fiction,4
variation,4
profit,4
skill,4
eye,4
overuse,4
SFX,4
impact,4
breakdown,4
bible,4
contact,4
Marvel,4
company,4
split,4
year,4
option,4
case,4
version,4
use,4
metaphor,4
business,4
writer/artist,4
phase,4
cost,4
paperback,4
aspect,4
boy,4
job,4
emphasis,4
instance,4
kind,4
sort,4
approach,4
industry,4
block,4
commentary,4
task,4
control,4
cover,4
template,4
superhero,4
environment,4
man,4
war,4
content,4
conversation,4
trick,4
guide,4
today,4
advice,4
girl,4
sketch,4
draft,4
timeline,4
living,3
ownership,3
rate,3
addition,3
other,3
realtime,3
tale,3
summary,3
profile,3
Minute,3
Research,3
dc,3
backstory,3
software,3
affinity,3
expression,3
feeling,3
flow,3
rhythm,3
imagination,3
contract,3
pitch,3
Read,3
experience,3
publication,3
pdf,3
online,3
possibility,3
revision,3
imagery,3
distance,3
focus,3
context,3
angle,3
language,3
theme,3
glow,3
feature,3
component,3
culture,3
interplay,3
view,3
newsvendor,3
mystery,3
right,3
everyone,3
help,3
Bang,3
pow,3
rest,3
terminology,3
couple,3
tip,3
reading,3
love,3
weakness,3
parent,3
conflict,3
thread,3
choice,3
fear,3
car,3
street,3
hero,3
head,3
writing,3
papers,3
joker,3
Pilgrim,3
U.S.,2
discussion,2
reality,2
property,2
copyright,2
trademark,2
permission,2
hire,2
pay,2
fee,2
period,2
deal,2
screenwriter,2
tv,2
show,2
spread,2
screen,2
placement,2
flashback,2
matter,2
fan,2
factor,2
length,2
pagination,2
level,2
attachment,2
back-and-forth,2
object,2
personality,2
bio,2
crime,2
vengeance,2
justice,2
revenge,2
question,2
suspense,2
feedback,2
news,2
self-publishing,2
auteur,2
subplot,2
team,2
schedule,2
Paul,2
disadvantage,2
screenplay,2
telescope,2
track,2
word/image,2
section,2
convention,2
facet,2
sale,2
statement,2
store,2
Colored,2
fortune,2
means,2
clue,2
depth,2
storyboard,2
course,2
distinction,2
print-on-demand,2
Biff,2
reaction,2
Louis,2
colour,2
voice,2
Emanata,2
shorthand,2
prose,2
community,2
quality,2
horse,2
variety,2
rights,2
advance,2
The,2
journey,2
sacrifice,2
synopsis,2
home,2
chance,2
crowd,2
deadline,2
tension,2
name,2
list,2
school,2
Adobe,2
Broken,2
Saviors,2
hybrid-text,2
standard,2
production,2
note,2
crowd-funding,2
file,2
program,2
area,2
speaker,2
anger,2
bottom,2
arrangement,2
complication,2
reason,2
close-up,2
degree,2
rule,2
week,2
history,2
pattern,2
notice,2
reference,2
building,2
turn,2
Studio,2
volume,2
rhetoric,2
text/image,2
rectangle,2
impression,2
Fallout,2
Shelter,2
emotion,2
thinking,2
climax,2
loss,2
costume,2
limit,2
coffee,2
situation,2
message,2
Onomatopoeia,2
journal,2
memoir,2
manuscript,2
top,2
heart,2
headline,2
child,2
bottle,2
gun,2
edge,2
father,2
title,2
staple,2
cartoon,2
plus,2
Cut,2
inch,2
door,2
tree,2
city,2
police,2
Bruce,2
Wayne,2
cape,2
Development,2
feel,2
inking,2
result,2
paragraph,2
balance,2
wall,2
motion,2
talk,2
nothing,2
ton,2
monster,2
practice,2
basics,2
painting,2
respect,2
jam,2
location,2
professional,2
blueprint,2
visual,2
artwork,2
Whenever,2
Captain,2
America,2
peace,2
class,2
Spiderman,2
kiddie,1
fare,1
wealth,1
science,1
autobiography,1
montage,1
workshop,1
midst,1
sea,1
flavor,1
self-publisher,1
small-press,1
shelf,1
Slave,1
Labor,1
Fantagraphics,1
viz,1
Pantheon,1
Abrams,1
Henry,1
Holt,1
Scholastic,1
webcomic,1
download,1
bet,1
income,1
extent,1
YA,1
Stapled,1
party,1
percentage,1
discount,1
scenery,1
square,1
round,1
bleed,1
uppercase,1
upper/lowercase,1
signage,1
license,1
plate,1
computer,1
voice-over,1
U.K.,1
clich√©,1
maxim,1
noise,1
explosion,1
weight,1
distress,1
spookiness,1
radio,1
telephone,1
burst,1
shouting,1
corner,1
Sandman,1
DC/Vertigo,1
dialogue/narration,1
trend,1
Westerners,1
determinant,1
seconds,1
phenomenon,1
closure,1
shift,1
bookstore,1
shop,1
favor,1
category,1
surroundings,1
concept,1
primacy,1
sequitur,1
surrealist,1
leap,1
connection,1
Andy,1
Warhol,1
manipulation,1
cinema,1
speed,1
interactivity,1
combination,1
Carl,1
beer,1
road,1
ambulance,1
hospital,1
jump,1
hulk,1
Humvee,1
flash,1
superspeeding,1
opening,1
compromise,1
skeleton,1
support,1
flesh,1
night,1
family,1
mugger,1
mother,1
detective,1
while,1
empire,1
persona,1
playboy,1
mask,1
obsession,1
underworld,1
creature,1
window,1
decade,1
training,1
obstacle,1
teacher,1
romance,1
career,1
death,1
bystander,1
identity,1
government,1
scenario,1
cowl,1
essential,1
progression,1
middle,1
introduction,1
establishment,1
setback,1
reversal,1
denouement,1
what/who,1
formula,1
interest,1
clarity,1
plausibility,1
improvement,1
Edmond,1
Levy,1
critique,1
scriptwriting,1
Ken,1
Dancyger,1
Jeff,1
Rush,1
resource,1
Carol,1
Lay,1
Craig,1
Thompson,1
blanket,1
Woman,1
thanks,1
popularization,1
offer,1
gig,1
translation,1
marketability,1
concentrate,1
serial,1
Know,1
biz,1
arena,1
epic,1
gamble,1
buck,1
league,1
range,1
tooth,1
reward,1
drudgery,1
novice,1
nutshell,1
Estimate,1
vista,1
break,1
bear,1
Lingo,1
floppy,1
balancing,1
filmmaking,1
creation,1
pencilling,1
model,1
assembly-line,1
fashion,1
blow,1
pressure,1
Stan,1
Lee,1
Jack,1
Kirby,1
rapport,1
husband,1
Guinan,1
solo,1
Pope,1
advantage,1
chaos,1
slide,1
display,1
auto-text,1
word-processing,1
combo,1
discontinuity,1
grid,1
mix,1
hog,1
intent,1
scads,1
plenty,1
interpretation,1
directing,1
pan,1
overload,1
clutter,1
sunrise,1
blood,1
table,1
necktie,1
camera,1
verbiage,1
echo,1
Mickey-Mousing,1
rain,1
a,1
b,1
speaking,1
posture,1
mantra,1
juxtaposition,1
letterer,1
NELSON,1
Hardy,1
Boldface,1
grasp,1
eyeball,1
baby,1
carriage,1
dog,1
cat,1
minimum,1
counterpoint,1
evaluation,1
review,1
overcrowding,1
opinion,1
scribe,1
itch,1
chore,1
opportunity,1
Princess,1
Leia,1
info,1
editorial,1
preference,1
check,1
response,1
acquaintance,1
correspondence,1
forum,1
endnote,1
essay,1
observation,1
circumstance,1
bureaucracy,1
priority,1
target,1
privacy,1
card,1
package,1
where/how,1
teaser,1
think,1
elevator,1
Earth,1
ream,1
pestering,1
month,1
status,1
brief,1
overview,1
bullet,1
sentence,1
dive,1
doubt,1
turning,1
responsibility,1
success,1
importance,1
game,1
segment,1
storyboarding,1
HubSpot,1
wheel,1
pick,1
Storyboarder,1
Alternatives,1
source,1
inkscape,1
designer,1
article,1
Historically,1
inker,1
touch,1
tweaking,1
palette,1
dialog,1
Gaiman,1
shouter,1
imprint,1
solution,1
stock,1
inventory,1
ecommerce,1
provider,1
ebook,1
Relief,1
exposure,1
closing,1
difference,1
be.your,1
characteristic,1
plot.for,1
adaption,1
ofThe,1
Strange,1
Dr.,1
Jekyll,1
Mr.,1
Hyde,1
Robert,1
Stevenson,1
Alan,1
Grant,1
CamKennedy,1
Andrzej,1
Klimowski,1
Danusia,1
Schejbal,1
sversion,1
inblack,1
Lorenzo,1
Mattotti,1
Jerry,1
Kramsky,1
core,1
sceneyou,1
faithfulyou,1
reader.a,1
glance,1
atmosphere,1
andideas,1
toadd,1
cut-off,1
Closureis,1
brain,1
aclawand,1
picturesthe,1
eachcharacter,1
charactersthoughts.dreams,1
pupil,1
symbol,1
state,1
unwell.In,1
Private,1
Peacefulwe,1
Tommo,1
brother,1
shadow,1
body,1
language.when,1
distinguishabletofacilitateease,1
toachieve,1
aprop,1
gimmick,1
umbrella,1
moustachesee,1
characterkaren,1
shoe,1
hair,1
Comicslend,1
exaggeration,1
trait,1
draw,1
thestory,1
lotsof,1
froma,1
suggestedtree,1
bush,1
ascript,1
planning,1
decidewhat,1
canbe,1
visualscan,1
onthe,1
scene.the,1
onetechnique,1
maker,1
Alfred,1
Hitchcock,1
landmark,1
Eiffel,1
Tower,1
france.comics,1
Discover,1
treat,1
heroes-in-tights,1
Issues,1
invention,1
Hugo,1
Cabret,1
Mrs.,1
Pergrine,1
Peculiar,1
Children,1
Familiar,1
diary,1
comment,1
technology,1
folk,1
platform,1
bunch,1
max,1
complement,1
contrast,1
nose,1
group,1
hippie,1
Donald,1
Trump,1
rally,1
synergy,1
expectation,1
collage,1
site,1
master,1
clause,1
economy,1
money,1
dedication,1
portfolio,1
consideration,1
budget,1
colorist,1
share,1
Crazy,1
Oni,1
Shadowline,1
call,1
Comixology,1
Graphicaly,1
iverse,1
self,1
service,1
backer,1
Kickstarter,1
funding,1
campaign,1
website,1
iPhoto,1
1000px,1
experiment,1
jpeg,1
preview,1
Sunday,1
century,1
scholar,1
artifact,1
vocabulary,1
handout,1
aesthetics,1
literacy,1
Eisner,1
string,1
Popeye,1
difficulty,1
thegutter,1
photograph,1
country,1
interaction,1
Duke,1
2when,1
interaction.page,1
layoutwith,1
whatthat,1
neutrality,1
conformity,1
repetition,1
orboredom,1
Chris,1
Ware,1
arrow,1
complexity,1
memory,1
abstraction,1
cartooning,1
guidebook,1
set,1
study,1
up,1
depicted.think,1
palate,1
clarification,1
whole,1
Watchmen,1
texthere,1
clothing,1
boxescontain,1
newsstand,1
balloonsis,1
Russia,1
God,1
face,1
icon,1
gesture,1
NY,1
apple,1
workman,1
jacket,1
isolation,1
pirate,1
destruction,1
likelihood,1
public,1
code,1
product,1
blockbuster,1
believer,1
actualization,1
trust,1
storyteller,1
anyone,1
stranger,1
tendency,1
impulse,1
stack,1
cup,1
defeat,1
whiskey,1
artist/editor/letterer,1
pov,1
first-person,1
voiceover,1
date,1
cloud,1
puff,1
tableau,1
combat,1
landscape,1
honking,1
cab,1
faucet,1
New,1
foundation,1
play,1
bonus,1
Twitter,1
error,1
drink,1
foe,1
lip,1
s/he,1
urgency,1
danger,1
freedom,1
input,1
ability,1
uncertainty,1
collaborator,1
collection,1
Calvin,1
Hobbesbooks,1
winter,1
Garfield,1
Peanuts,1
enjoyment,1
misadventure,1
activity,1
summer,1
afternoon,1
fall,1
homemade,1
debate,1
binding,1
daughter,1
insistence,1
bookmaking,1
instruction,1
sake,1
simplicity,1
fuss,1
ruler,1
begin,1
sandwich,1
ends.now,1
outfit,1
coverillustration,1
catchy,1
alliteration,1
Super,1
blast,1
workload,1
cue,1
Artistic,1
Great,1
water,1
v,1
Vendetta,1
pen,1
animator,1
Dan,1
Harmon,1
villain,1
persepolis,1
Joes,1
trial,1
tribulation,1
flaw,1
strength,1
Superman,1
alter-ego,1
Clark,1
Kent,1
desire,1
mistake,1
bat,1
weirdo,1
agency,1
surprise,1
genesis,1
Avengers,1
Iron,1
ex,1
push,1
Cap,1
Ironman,1
usher,1
stone,1
headache,1
rock,1
Make,1
hell,1
payoff,1
spoiler,1
alert,1
exposition,1
wake,1
mom,1
hall,1
office,1
Due,1
student,1
desk,1
shopping,1
human,1
play-writing,1
screenwriting,1
fit,1
throwaway,1
run,1
portion,1
bone,1
backyard,1
fill,1
sport,1
caption1,1
undertaking,1
topic,1
tutorial,1
